{
	"recommendedCourses": [
		{
			"courseId": "0001",
			"courseName": "東京駅周辺の歴史的建造物を巡るコース",
			"courseDesc": "東京駅周辺の歴史的建造物を巡るコース",
			"courseCreatedDate": "2016.05.19 (Thurs)",
			"userStepCount": "3.0km / 37分",
			"imagePath":[
							{"type" : "mainIcon" , "src" : "../img/recommended_course_1.jpg" , "desc" : ""},
							{"type" : "coursePhotos" , "src" : ["../img/course1_photo1.jpg", "../img/course1_photo2.jpg", "../img/course1_photo3.jpg"] , "desc" : ["JR東京駅" , "東京銀行協会ビル" , "日比谷公会堂"]}
						],
			"latlng":  [
							{ "lat": "35.6808", "lng" : "139.7669" },
							{ "lat" : "35.6663", "lng" : "139.7587" }	
						],
			"Status":	[
							{ "type" : "activeCourse" , "value" : "A"},
							{ "type" : "deletedCourse" , "value" : "D"}
						], 
			"Comment":	"東京駅を出発し、皇居脇から日比谷公園を通って、新橋駅まで巡るコース。 この地域には大正～昭和初期に建てられた歴史的建造物が多く残されています。1914（大正3）年に竣工され、2012年に復元された東京駅を始め、1916（大正5）年に建てられたレンガ造りの外壁2面を保存、利用する東京銀行協会ビル、1929（昭和4）年に竣工し、関東大震災復興のシンボルともなった日比谷公会堂など、いつもより少し目線を上げて歩いてみると、日本の歴史に出会えます。",
			"Source": ""
		},
		{
			"courseId": "0002",
			"courseName": "北海道新幹線開通で話題の函館、五稜郭へ",
			"courseDesc": "北海道新幹線開通で話題の函館、五稜郭へ",
			"courseCreatedDate": "2016.05.19 (Thurs)",
			"userStepCount": "2.6km / 32分",
			"imagePath":[
							{"type" : "mainIcon" , "src" : "../img/recommended_course_2.jpg" , "desc" : ""},
							{"type" : "coursePhotos" , "src" : ["../img/course2_photo1.jpg", "../img/course2_photo2.jpg", "../img/course2_photo3.jpg"] , "desc" : ["五稜郭公園" , "桜の時期の五稜郭公園と五稜郭タワー" , "函館の中心市街地を走る函館市電"]}
						],
			"latlng":  [
							{ "lat": "41.7949004", "lng" : "140.7562411" },
							{ "lat": "41.7955492", "lng" : "140.7584486" },
							{ "lat": "41.7988046", "lng" : "140.7567964" },
							{ "lat": "41.7973969", "lng" : "140.7545111" },
							{ "lat": "41.7948453", "lng" : "140.7562411" },
							{ "lat": "41.7942682", "lng" : "140.7516586" },
							{ "lat" : "41.794284", "lng" : "140.7472812" }	
						],
			"Status":	[
							{ "type" : "activeCourse" , "value" : "A"},
							{ "type" : "deletedCourse" , "value" : "D"}
						], 
			"Comment":	"路面電車の五稜郭公園前駅から、五稜郭公園へ。公園内にある星形の西洋式城郭、五稜郭のまわりをぐるりと1周。時間があれば、五稜郭タワーの展望台から函館山や津軽海峡、そして、歩いたばかりの五稜郭を見渡すのもおすすめです。 五稜郭公園は、春は桜、秋は紅葉、冬は雪景色と四季の美しい景色が楽しめるのも魅力のひとつ。何度も歩きたくなるスポットです。",
			"Source": ""
		}		
	]
}